Image,X Center,Y Center,Width,Height,Size,Brightness,Type
3.png,2,716,12,6,50,146.36,Small Object
3.png,4,2175,9,5,28,142.03571428571428,Very Small Object
3.png,2,2762,2,1,2,146.0,Very Small Object
3.png,6,2479,6,3,15,129.2,Very Small Object
3.png,9,3710,3,3,9,146.77777777777777,Very Small Object
3.png,11,660,6,5,22,144.95454545454547,Very Small Object
3.png,13,1631,9,9,59,126.16949152542372,Small Object
3.png,13,2107,6,6,28,140.21428571428572,Very Small Object
3.png,14,2817,6,5,22,138.5,Very Small Object
3.png,16,2052,1,1,1,121.0,Very Small Object
3.png,16,2875,3,2,6,120.66666666666667,Very Small Object
3.png,20,147,9,8,58,146.5,Small Object
3.png,17,317,1,1,1,147.0,Very Small Object
3.png,31,2786,18,27,348,148.48563218390805,Medium Object
3.png,22,3860,4,3,10,150.4,Very Small Object
3.png,33,989,17,23,288,145.85416666666666,Small Object
3.png,25,1064,8,6,38,158.1315789473684,Very Small Object
3.png,24,3406,5,3,12,137.91666666666666,Very Small Object
3.png,32,2734,16,15,188,141.2712765957447,Small Object
3.png,29,368,8,8,47,152.72340425531914,Very Small Object
3.png,28,183,3,2,6,142.83333333333334,Very Small Object
3.png,31,2809,8,6,35,133.0857142857143,Very Small Object
3.png,34,162,2,1,2,139.0,Very Small Object
3.png,34,2114,1,1,1,159.0,Very Small Object
3.png,34,3692,3,2,5,167.2,Very Small Object
3.png,36,1419,4,4,11,128.27272727272728,Very Small Object
3.png,36,78,1,1,1,139.0,Very Small Object
3.png,38,460,2,2,4,157.75,Very Small Object
3.png,38,1820,2,2,4,140.5,Very Small Object
3.png,48,89,17,19,225,148.69333333333333,Small Object
3.png,39,3201,1,1,1,164.0,Very Small Object
3.png,45,1152,11,11,98,138.9591836734694,Small Object
3.png,43,3615,2,3,5,140.6,Very Small Object
3.png,46,2310,4,7,23,144.91304347826087,Very Small Object
3.png,50,1524,5,8,28,122.89285714285714,Very Small Object
3.png,48,1565,2,3,6,131.33333333333334,Very Small Object
3.png,48,1402,2,1,2,124.5,Very Small Object
3.png,55,339,8,14,80,139.775,Small Object
3.png,53,1289,5,9,33,129.12121212121212,Very Small Object
3.png,54,2274,3,5,15,141.6,Very Small Object
3.png,53,2601,1,1,1,147.0,Very Small Object
3.png,54,1813,2,2,3,127.0,Very Small Object
3.png,54,1985,1,1,1,162.0,Very Small Object
3.png,56,390,4,4,12,136.58333333333334,Very Small Object
3.png,55,1856,2,1,2,147.0,Very Small Object
3.png,57,1048,3,2,5,138.2,Very Small Object
3.png,58,2736,3,3,8,125.5,Very Small Object
3.png,66,2323,18,15,156,140.3397435897436,Small Object
3.png,60,2993,3,3,8,144.5,Very Small Object
3.png,59,3199,2,2,4,148.75,Very Small Object
3.png,71,203,25,23,441,141.87301587301587,Medium Object
3.png,67,3697,9,14,74,149.1216216216216,Small Object
3.png,65,773,5,6,23,129.30434782608697,Very Small Object
3.png,64,463,1,1,1,153.0,Very Small Object
3.png,69,1217,9,8,52,151.03846153846155,Small Object
3.png,66,1542,4,1,4,141.75,Very Small Object
3.png,69,1929,8,7,47,134.36170212765958,Very Small Object
3.png,71,1850,2,2,3,139.33333333333334,Very Small Object
3.png,78,3063,16,14,160,160.04375,Small Object
3.png,76,3794,7,9,40,143.15,Very Small Object
3.png,74,1996,5,4,13,149.15384615384616,Very Small Object
3.png,77,369,4,6,15,139.13333333333333,Very Small Object
3.png,83,461,8,9,47,129.29787234042553,Very Small Object
3.png,83,1180,2,2,3,132.33333333333334,Very Small Object
3.png,89,394,6,7,32,139.4375,Very Small Object
3.png,89,638,18,8,83,144.83132530120483,Small Object
3.png,90,1569,7,7,35,139.68571428571428,Very Small Object
3.png,97,1821,14,17,186,148.29032258064515,Small Object
3.png,90,2887,2,2,3,129.0,Very Small Object
3.png,91,2239,2,2,4,143.5,Very Small Object
3.png,95,620,4,5,15,132.0,Very Small Object
3.png,101,84,7,10,51,153.52941176470588,Small Object
3.png,97,3152,4,2,7,135.57142857142858,Very Small Object
3.png,136,1795,74,71,1766,156.83465458663647,Large Object
3.png,104,2541,8,8,54,135.72222222222223,Small Object
3.png,102,972,2,2,4,142.0,Very Small Object
3.png,104,3165,4,4,12,136.41666666666666,Very Small Object
3.png,107,2649,9,7,43,144.13953488372093,Very Small Object
3.png,105,629,1,1,1,154.0,Very Small Object
3.png,108,3500,5,6,21,143.57142857142858,Very Small Object
3.png,109,868,7,6,32,152.34375,Very Small Object
3.png,111,1851,6,7,23,119.52173913043478,Very Small Object
3.png,110,2858,7,6,26,131.53846153846155,Very Small Object
3.png,110,3934,1,2,2,146.0,Very Small Object
3.png,113,903,3,3,7,153.0,Very Small Object
3.png,114,1209,5,6,20,130.45,Very Small Object
3.png,117,1969,14,11,120,140.69166666666666,Small Object
3.png,115,2532,9,8,52,155.5,Small Object
3.png,113,3675,2,3,6,120.0,Very Small Object
3.png,114,139,4,4,14,125.07142857142857,Very Small Object
3.png,115,1835,1,1,1,127.0,Very Small Object
3.png,118,738,2,2,3,140.33333333333334,Very Small Object
3.png,119,3993,3,3,9,146.0,Very Small Object
3.png,128,2631,15,17,195,153.2051282051282,Small Object
3.png,129,677,1,1,1,117.0,Very Small Object
3.png,130,1934,2,3,5,145.8,Very Small Object
3.png,129,2180,2,2,4,183.75,Very Small Object
3.png,130,2278,2,2,4,154.75,Very Small Object
3.png,130,3368,2,2,3,140.0,Very Small Object
3.png,133,776,11,4,28,133.07142857142858,Very Small Object
3.png,137,22,9,8,53,148.0943396226415,Small Object
3.png,136,1344,3,5,9,134.33333333333334,Very Small Object
3.png,137,3297,6,5,24,141.16666666666666,Very Small Object
3.png,137,3459,6,4,17,122.0,Very Small Object
3.png,140,1991,1,2,2,139.0,Very Small Object
3.png,140,2116,1,2,2,130.5,Very Small Object
3.png,144,513,2,3,6,140.33333333333334,Very Small Object
3.png,148,2219,10,11,74,121.54054054054055,Small Object
3.png,147,235,3,6,11,136.63636363636363,Very Small Object
3.png,152,1655,9,15,80,151.6375,Small Object
3.png,153,1934,5,13,54,143.38888888888889,Small Object
3.png,151,2393,13,9,93,150.68817204301075,Small Object
3.png,151,245,4,6,18,134.83333333333334,Very Small Object
3.png,149,1102,2,2,3,154.0,Very Small Object
3.png,149,2548,1,2,2,163.0,Very Small Object
3.png,150,520,3,1,3,141.0,Very Small Object
3.png,152,1546,5,5,21,154.38095238095238,Very Small Object
3.png,155,796,8,10,33,122.9090909090909,Very Small Object
3.png,155,667,5,5,16,145.125,Very Small Object
3.png,155,4046,5,4,16,124.125,Very Small Object
3.png,157,837,2,3,4,137.5,Very Small Object
3.png,160,1341,6,9,40,126.95,Very Small Object
3.png,157,3325,4,4,14,128.92857142857142,Very Small Object
3.png,157,599,2,2,4,154.5,Very Small Object
3.png,159,775,4,5,14,142.92857142857142,Very Small Object
3.png,157,1076,1,1,1,140.0,Very Small Object
3.png,166,22,23,15,149,133.7718120805369,Small Object
3.png,161,803,8,6,41,141.73170731707316,Very Small Object
3.png,160,3511,3,3,8,120.375,Very Small Object
3.png,168,3159,13,17,166,154.71686746987953,Small Object
3.png,164,1750,4,3,7,111.85714285714286,Very Small Object
3.png,164,1426,1,2,2,171.5,Very Small Object
3.png,169,44,5,7,17,130.88235294117646,Very Small Object
3.png,166,527,2,2,3,115.33333333333333,Very Small Object
3.png,168,2442,5,3,8,133.125,Very Small Object
3.png,170,126,4,5,15,140.13333333333333,Very Small Object
3.png,179,933,5,5,19,152.73684210526315,Very Small Object
3.png,177,1224,1,1,1,150.0,Very Small Object
3.png,184,1888,15,13,139,132.42446043165467,Small Object
3.png,179,3792,3,3,8,150.75,Very Small Object
3.png,182,592,9,6,30,137.06666666666666,Very Small Object
3.png,185,3012,6,5,23,126.65217391304348,Very Small Object
3.png,193,2983,23,20,377,146.973474801061,Medium Object
3.png,187,2527,4,4,11,130.63636363636363,Very Small Object
3.png,191,2280,1,1,1,137.0,Very Small Object
3.png,194,805,12,6,40,128.875,Very Small Object
3.png,199,3141,19,16,235,137.67659574468084,Small Object
3.png,194,1362,6,4,16,137.625,Very Small Object
3.png,198,1521,11,8,67,154.83582089552237,Small Object
3.png,197,84,1,1,1,151.0,Very Small Object
3.png,198,2731,3,3,7,167.28571428571428,Very Small Object
3.png,201,768,4,2,6,136.83333333333334,Very Small Object
3.png,201,2660,2,2,4,147.0,Very Small Object
3.png,205,973,7,6,34,154.5,Very Small Object
3.png,204,925,2,1,2,144.5,Very Small Object
3.png,205,787,2,2,3,112.0,Very Small Object
3.png,208,2121,7,7,32,119.0625,Very Small Object
3.png,211,782,10,12,84,132.38095238095238,Small Object
3.png,206,2989,1,1,1,126.0,Very Small Object
3.png,207,2988,1,1,1,136.0,Very Small Object
3.png,210,240,1,2,2,124.5,Very Small Object
3.png,211,2849,1,1,1,134.0,Very Small Object
3.png,213,2562,7,4,24,123.125,Very Small Object
3.png,218,2494,10,11,82,136.1219512195122,Small Object
3.png,215,1578,3,2,5,139.2,Very Small Object
3.png,217,2072,5,5,19,157.89473684210526,Very Small Object
3.png,216,29,1,1,1,127.0,Very Small Object
3.png,224,2723,20,16,230,146.21304347826086,Small Object
3.png,220,2049,4,4,14,147.85714285714286,Very Small Object
3.png,222,149,1,2,2,145.0,Very Small Object
3.png,226,3965,9,8,55,145.8909090909091,Small Object
3.png,229,3359,2,2,4,184.5,Very Small Object
3.png,231,1603,4,4,11,151.1818181818182,Very Small Object
3.png,230,1961,3,2,4,135.0,Very Small Object
3.png,232,422,5,4,14,129.35714285714286,Very Small Object
3.png,231,3250,2,2,3,145.0,Very Small Object
3.png,232,1957,3,1,3,128.33333333333334,Very Small Object
3.png,235,350,5,4,18,150.55555555555554,Very Small Object
3.png,235,2484,1,1,1,133.0,Very Small Object
3.png,237,825,1,1,1,139.0,Very Small Object
3.png,238,1637,3,4,11,145.54545454545453,Very Small Object
3.png,240,3542,7,7,29,144.0,Very Small Object
3.png,239,110,2,2,3,145.66666666666666,Very Small Object
3.png,241,1268,11,6,50,127.16,Small Object
3.png,242,1407,2,3,4,156.0,Very Small Object
3.png,242,1676,3,3,9,143.44444444444446,Very Small Object
3.png,241,3997,1,1,1,145.0,Very Small Object
3.png,245,2516,2,1,2,155.5,Very Small Object
3.png,248,330,6,5,23,138.08695652173913,Very Small Object
3.png,250,256,4,3,9,146.33333333333334,Very Small Object
3.png,250,1009,3,2,6,138.16666666666666,Very Small Object
3.png,255,3206,6,12,64,140.109375,Small Object
3.png,252,314,2,2,4,127.25,Very Small Object
3.png,254,1670,2,2,3,144.0,Very Small Object
3.png,257,2740,5,6,24,123.5,Very Small Object
3.png,256,3855,2,4,7,142.71428571428572,Very Small Object
3.png,256,1309,3,2,4,129.0,Very Small Object
3.png,263,3496,11,9,70,150.9857142857143,Small Object
3.png,264,2745,3,5,13,137.3846153846154,Very Small Object
3.png,269,4029,10,12,96,150.35416666666666,Small Object
3.png,269,371,10,10,75,138.49333333333334,Small Object
3.png,273,183,21,15,228,143.62719298245614,Small Object
3.png,266,402,1,1,1,152.0,Very Small Object
3.png,270,1693,6,5,27,136.14814814814815,Very Small Object
3.png,270,3211,4,4,8,120.375,Very Small Object
3.png,272,3407,6,8,33,139.6969696969697,Very Small Object
3.png,274,1701,8,10,47,148.7872340425532,Very Small Object
3.png,278,3621,16,17,224,140.90625,Small Object
3.png,272,2752,3,3,9,139.55555555555554,Very Small Object
3.png,276,1688,4,5,15,136.33333333333334,Very Small Object
3.png,278,695,3,3,7,145.14285714285714,Very Small Object
3.png,285,1399,8,14,76,138.68421052631578,Small Object
3.png,286,2748,9,14,78,121.46153846153847,Small Object
3.png,286,1583,7,7,35,117.02857142857142,Very Small Object
3.png,283,2423,2,1,2,157.0,Very Small Object
3.png,290,1381,20,14,192,141.890625,Small Object
3.png,287,2713,3,2,5,143.8,Very Small Object
3.png,294,1250,9,11,67,126.1044776119403,Small Object
3.png,297,2429,11,12,81,136.1851851851852,Small Object
3.png,294,2716,6,5,20,126.95,Very Small Object
3.png,297,2992,6,10,42,132.8095238095238,Very Small Object
3.png,296,390,3,5,14,130.07142857142858,Very Small Object
3.png,294,1123,2,2,4,143.25,Very Small Object
3.png,296,3555,3,3,7,152.57142857142858,Very Small Object
3.png,301,91,3,3,8,144.125,Very Small Object
3.png,302,1917,1,1,1,151.0,Very Small Object
3.png,305,656,5,5,19,136.1578947368421,Very Small Object
3.png,308,759,8,12,54,148.96296296296296,Small Object
3.png,304,2881,4,3,9,147.44444444444446,Very Small Object
3.png,310,1924,6,7,30,138.2,Very Small Object
3.png,308,1802,2,2,4,173.75,Very Small Object
3.png,312,2285,7,4,19,136.57894736842104,Very Small Object
3.png,318,2369,25,15,281,137.16370106761565,Small Object
3.png,312,46,2,1,2,137.5,Very Small Object
3.png,313,1820,3,4,8,132.0,Very Small Object
3.png,315,1032,10,5,25,141.36,Very Small Object
3.png,314,2884,5,4,12,160.33333333333334,Very Small Object
3.png,314,3224,2,4,6,137.16666666666666,Very Small Object
3.png,314,3179,2,2,4,152.5,Very Small Object
3.png,315,147,2,1,2,151.5,Very Small Object
3.png,322,1287,4,11,26,134.8846153846154,Very Small Object
3.png,319,3903,5,6,24,151.75,Very Small Object
3.png,322,1222,18,5,66,137.25757575757575,Small Object
3.png,326,1717,8,13,74,156.21621621621622,Small Object
3.png,324,1161,5,6,24,131.41666666666666,Very Small Object
3.png,326,623,9,8,50,133.38,Small Object
3.png,326,1253,6,5,21,133.76190476190476,Very Small Object
3.png,326,3333,3,3,7,143.57142857142858,Very Small Object
3.png,331,870,7,7,32,142.9375,Very Small Object
3.png,328,3783,3,2,5,133.8,Very Small Object
3.png,341,524,18,26,351,156.96581196581195,Medium Object
3.png,330,1819,1,1,1,154.0,Very Small Object
3.png,335,964,9,10,61,141.8360655737705,Small Object
3.png,334,2314,4,4,12,150.16666666666666,Very Small Object
3.png,336,2289,1,2,2,126.0,Very Small Object
3.png,336,2927,1,1,1,140.0,Very Small Object
3.png,338,691,3,4,12,149.25,Very Small Object
3.png,338,1946,2,2,3,113.33333333333333,Very Small Object
3.png,340,74,3,4,10,138.4,Very Small Object
3.png,346,2098,4,6,17,131.2941176470588,Very Small Object
3.png,345,1203,3,2,5,145.2,Very Small Object
3.png,348,763,6,5,24,135.41666666666666,Very Small Object
3.png,349,1692,1,1,1,144.0,Very Small Object
3.png,356,3393,15,15,173,142.72254335260115,Small Object
3.png,354,86,10,9,66,146.65151515151516,Small Object
3.png,352,789,12,4,41,132.4390243902439,Very Small Object
3.png,354,866,5,5,19,125.52631578947368,Very Small Object
3.png,356,481,2,2,4,136.25,Very Small Object
3.png,364,3770,5,6,25,141.84,Very Small Object
3.png,365,859,4,5,17,141.05882352941177,Very Small Object
3.png,364,3828,5,3,11,142.45454545454547,Very Small Object
3.png,364,3217,1,1,1,158.0,Very Small Object
3.png,365,1682,2,2,3,151.66666666666666,Very Small Object
3.png,369,893,8,8,45,144.44444444444446,Very Small Object
3.png,367,1639,2,2,4,143.25,Very Small Object
3.png,373,2938,10,14,94,141.80851063829786,Small Object
3.png,372,1356,13,9,56,144.10714285714286,Small Object
3.png,375,2827,10,10,80,140.6875,Small Object
3.png,373,1784,4,3,8,145.375,Very Small Object
3.png,376,3761,6,10,35,121.28571428571429,Very Small Object
3.png,381,27,10,16,115,153.38260869565218,Small Object
3.png,375,829,4,3,10,132.4,Very Small Object
3.png,374,2203,2,2,3,121.66666666666667,Very Small Object
3.png,379,1987,11,10,80,126.2625,Small Object
3.png,375,3400,5,2,7,129.14285714285714,Very Small Object
3.png,377,48,1,1,1,133.0,Very Small Object
3.png,381,2371,9,9,64,153.0625,Small Object
3.png,382,56,9,7,37,133.72972972972974,Very Small Object
3.png,384,3723,10,11,86,151.12790697674419,Small Object
3.png,382,3894,5,8,31,141.5483870967742,Very Small Object
3.png,383,1007,3,7,14,135.57142857142858,Very Small Object
3.png,381,1669,1,1,1,148.0,Very Small Object
3.png,384,2761,6,5,23,151.69565217391303,Very Small Object
3.png,383,1920,1,2,2,155.0,Very Small Object
3.png,387,1168,5,5,17,127.88235294117646,Very Small Object
3.png,388,1203,5,5,19,124.94736842105263,Very Small Object
3.png,388,710,2,1,2,118.5,Very Small Object
3.png,389,1763,5,4,14,144.42857142857142,Very Small Object
3.png,389,225,2,2,4,150.25,Very Small Object
3.png,390,1069,4,2,6,144.33333333333334,Very Small Object
3.png,392,1599,6,5,23,124.73913043478261,Very Small Object
3.png,395,3732,2,3,5,142.0,Very Small Object
3.png,395,2788,1,1,1,130.0,Very Small Object
3.png,397,1492,2,1,2,155.5,Very Small Object
3.png,405,3837,14,14,161,155.1055900621118,Small Object
3.png,405,2422,11,9,40,137.3,Very Small Object
3.png,404,973,5,5,15,140.13333333333333,Very Small Object
3.png,405,101,2,2,3,149.33333333333334,Very Small Object
3.png,408,475,4,7,17,132.1764705882353,Very Small Object
3.png,408,61,5,5,23,142.91304347826087,Very Small Object
3.png,406,1023,1,2,2,147.0,Very Small Object
3.png,408,3875,4,4,12,145.75,Very Small Object
3.png,409,3901,3,3,9,139.33333333333334,Very Small Object
3.png,412,975,11,7,61,151.37704918032787,Small Object
3.png,409,1159,1,2,2,147.0,Very Small Object
3.png,412,1332,10,6,43,140.8372093023256,Very Small Object
3.png,411,3704,2,2,3,159.66666666666666,Very Small Object
3.png,417,403,8,12,74,124.51351351351352,Small Object
3.png,412,1954,2,2,3,159.33333333333334,Very Small Object
3.png,415,3553,10,7,54,135.59259259259258,Small Object
3.png,413,282,2,2,4,143.75,Very Small Object
3.png,418,3288,4,5,15,130.0,Very Small Object
3.png,422,1249,8,8,44,144.13636363636363,Very Small Object
3.png,423,3103,6,10,43,150.27906976744185,Very Small Object
3.png,420,387,2,2,4,142.0,Very Small Object
3.png,424,1024,13,10,81,135.34567901234567,Small Object
3.png,422,1388,5,3,12,121.08333333333333,Very Small Object
3.png,422,344,2,2,4,164.5,Very Small Object
3.png,423,3673,3,4,10,122.8,Very Small Object
3.png,427,3289,5,10,31,139.61290322580646,Very Small Object
3.png,427,1063,3,3,6,122.33333333333333,Very Small Object
3.png,426,3751,3,2,5,141.0,Very Small Object
3.png,428,5,3,3,6,142.66666666666666,Very Small Object
3.png,428,106,3,4,10,128.8,Very Small Object
3.png,431,562,3,3,5,124.8,Very Small Object
3.png,432,2900,4,5,15,140.33333333333334,Very Small Object
3.png,433,3398,7,5,27,147.59259259259258,Very Small Object
3.png,435,1344,6,8,40,144.475,Very Small Object
3.png,433,1997,2,1,2,157.0,Very Small Object
3.png,435,3997,2,3,4,137.75,Very Small Object
3.png,439,3325,6,8,34,128.02941176470588,Very Small Object
3.png,441,1070,3,3,6,120.66666666666667,Very Small Object
3.png,444,1438,7,9,37,132.8108108108108,Very Small Object
3.png,441,2349,1,2,2,132.0,Very Small Object
3.png,442,1794,2,2,4,159.5,Very Small Object
3.png,444,2067,7,6,33,144.54545454545453,Very Small Object
3.png,446,3335,6,10,46,128.08695652173913,Very Small Object
3.png,460,3217,29,36,755,149.54834437086092,Medium Object
3.png,446,1752,5,5,16,120.625,Very Small Object
3.png,454,785,6,12,55,154.38181818181818,Small Object
3.png,450,852,5,4,14,121.71428571428571,Very Small Object
3.png,451,3423,6,5,24,119.0,Very Small Object
3.png,458,480,6,8,36,128.5,Very Small Object
3.png,457,3869,3,4,7,120.85714285714286,Very Small Object
3.png,460,3752,8,7,36,125.44444444444444,Very Small Object
3.png,461,2653,4,4,12,134.75,Very Small Object
3.png,462,2648,2,2,4,138.75,Very Small Object
3.png,467,1260,6,9,39,148.76923076923077,Very Small Object
3.png,463,3845,1,1,1,180.0,Very Small Object
3.png,469,926,12,7,64,130.125,Small Object
3.png,478,1608,21,22,344,152.42151162790697,Medium Object
3.png,468,2073,2,1,2,108.5,Very Small Object
3.png,473,1083,8,9,41,130.97560975609755,Very Small Object
3.png,471,965,3,2,4,132.5,Very Small Object
3.png,473,967,1,1,1,116.0,Very Small Object
3.png,474,948,1,2,2,131.0,Very Small Object
3.png,476,984,4,3,11,148.45454545454547,Very Small Object
3.png,475,1165,2,1,2,158.5,Very Small Object
3.png,486,679,10,6,45,133.6888888888889,Very Small Object
3.png,486,877,3,2,5,129.2,Very Small Object
3.png,486,1413,1,1,1,200.0,Very Small Object
3.png,488,816,3,3,7,115.28571428571429,Very Small Object
3.png,491,680,9,4,29,130.48275862068965,Very Small Object
3.png,493,818,7,8,36,131.44444444444446,Very Small Object
3.png,493,2841,14,8,50,137.26,Small Object
3.png,498,1313,10,6,49,132.0612244897959,Very Small Object
3.png,502,1012,8,9,51,126.6078431372549,Small Object
3.png,499,962,2,1,2,144.5,Very Small Object
3.png,500,2819,1,3,3,137.33333333333334,Very Small Object
3.png,506,176,5,5,19,149.26315789473685,Very Small Object
3.png,506,2895,2,1,2,152.0,Very Small Object
3.png,508,1319,3,2,6,135.83333333333334,Very Small Object
3.png,514,3132,5,4,18,159.83333333333334,Very Small Object
3.png,515,3000,3,1,3,133.33333333333334,Very Small Object
3.png,518,1122,7,6,34,135.55882352941177,Very Small Object
3.png,519,1074,7,6,32,128.9375,Very Small Object
3.png,518,2019,3,4,7,134.28571428571428,Very Small Object
3.png,525,1919,5,5,22,139.8181818181818,Very Small Object
3.png,526,1427,6,6,27,138.11111111111111,Very Small Object
3.png,526,2643,3,5,10,139.1,Very Small Object
3.png,529,2774,7,11,58,131.0344827586207,Small Object
3.png,528,3002,4,5,13,137.84615384615384,Very Small Object
3.png,532,552,8,11,71,125.14084507042253,Small Object
3.png,530,3365,9,7,45,146.55555555555554,Very Small Object
3.png,532,660,2,1,2,146.0,Very Small Object
3.png,533,3898,3,4,9,147.33333333333334,Very Small Object
3.png,542,3798,15,14,158,141.7405063291139,Small Object
3.png,538,3648,6,4,17,136.8235294117647,Very Small Object
3.png,539,598,7,3,15,136.13333333333333,Very Small Object
3.png,541,3216,9,7,46,134.32608695652175,Very Small Object
3.png,540,1575,2,3,5,134.8,Very Small Object
3.png,542,2414,5,5,19,136.73684210526315,Very Small Object
3.png,543,3530,6,6,27,151.55555555555554,Very Small Object
3.png,542,272,1,1,1,149.0,Very Small Object
3.png,543,1185,4,4,12,148.08333333333334,Very Small Object
3.png,544,1886,6,3,14,127.5,Very Small Object
3.png,544,1529,2,1,2,159.0,Very Small Object
3.png,545,3808,3,3,8,129.375,Very Small Object
3.png,553,1865,11,15,119,147.71428571428572,Small Object
3.png,548,2180,3,4,11,147.0,Very Small Object
3.png,548,3214,4,3,9,137.11111111111111,Very Small Object
3.png,552,751,6,9,33,116.45454545454545,Very Small Object
3.png,554,1253,21,14,205,141.56585365853658,Small Object
3.png,553,979,5,6,22,146.4090909090909,Very Small Object
3.png,559,166,2,2,4,172.5,Very Small Object
3.png,560,1688,3,3,7,155.42857142857142,Very Small Object
3.png,561,2949,2,1,2,144.5,Very Small Object
3.png,565,317,4,8,24,137.04166666666666,Very Small Object
3.png,566,3369,7,6,30,135.4,Very Small Object
3.png,569,296,14,10,115,157.2,Small Object
3.png,566,1961,2,3,4,135.0,Very Small Object
3.png,566,1017,1,1,1,145.0,Very Small Object
3.png,567,2245,4,4,13,156.30769230769232,Very Small Object
3.png,569,2432,10,8,57,129.3684210526316,Small Object
3.png,581,1118,18,25,233,156.86695278969958,Small Object
3.png,570,2025,1,1,1,136.0,Very Small Object
3.png,572,1943,3,3,8,146.375,Very Small Object
3.png,571,2026,1,1,1,141.0,Very Small Object
3.png,574,501,4,4,14,153.42857142857142,Very Small Object
3.png,574,3559,3,2,5,136.4,Very Small Object
3.png,575,3715,2,3,6,119.83333333333333,Very Small Object
3.png,578,3884,4,8,25,142.48,Very Small Object
3.png,576,596,2,1,2,157.5,Very Small Object
3.png,578,2775,3,5,12,129.16666666666666,Very Small Object
3.png,576,3794,3,2,6,146.83333333333334,Very Small Object
3.png,578,1441,2,1,2,140.0,Very Small Object
3.png,578,2739,1,1,1,153.0,Very Small Object
3.png,585,1072,22,14,193,154.26943005181346,Small Object
3.png,586,2056,13,12,126,148.92857142857142,Small Object
3.png,585,104,3,3,7,162.57142857142858,Very Small Object
3.png,585,3403,4,4,12,136.41666666666666,Very Small Object
3.png,588,3244,3,3,6,122.83333333333333,Very Small Object
3.png,593,2582,8,6,39,129.66666666666666,Very Small Object
3.png,598,2820,9,12,79,144.0126582278481,Small Object
3.png,594,3464,3,3,6,139.5,Very Small Object
3.png,595,1057,2,2,3,139.0,Very Small Object
3.png,600,3514,18,12,145,151.57931034482758,Small Object
3.png,601,1143,10,6,48,152.14583333333334,Very Small Object
3.png,602,1423,2,2,3,142.0,Very Small Object
3.png,608,2236,9,13,92,127.46739130434783,Small Object
3.png,606,3570,22,9,150,132.56,Small Object
3.png,607,302,3,3,7,134.85714285714286,Very Small Object
3.png,606,3528,3,2,5,140.0,Very Small Object
3.png,611,2314,4,8,25,144.52,Very Small Object
3.png,609,702,1,2,2,148.5,Very Small Object
3.png,611,2549,6,5,25,146.64,Very Small Object
3.png,613,3727,11,9,82,150.7439024390244,Small Object
3.png,610,1450,2,2,4,132.0,Very Small Object
3.png,614,2518,2,2,3,153.66666666666666,Very Small Object
3.png,619,2931,8,7,39,139.07692307692307,Very Small Object
3.png,620,3414,7,3,18,148.61111111111111,Very Small Object
3.png,627,3718,18,12,173,151.7398843930636,Small Object
3.png,625,2391,7,6,31,147.25806451612902,Very Small Object
3.png,626,2574,1,1,1,155.0,Very Small Object
3.png,631,1723,2,3,6,141.0,Very Small Object
3.png,630,2604,2,1,2,141.0,Very Small Object
3.png,630,3090,3,2,5,123.8,Very Small Object
3.png,636,1913,6,6,29,145.10344827586206,Very Small Object
3.png,636,413,5,4,15,147.26666666666668,Very Small Object
3.png,637,1882,6,6,26,142.8846153846154,Very Small Object
3.png,636,3379,5,4,17,131.41176470588235,Very Small Object
3.png,637,504,1,1,1,166.0,Very Small Object
3.png,644,1318,1,1,1,130.0,Very Small Object
3.png,647,2001,5,6,19,129.21052631578948,Very Small Object
3.png,649,1322,7,7,41,142.29268292682926,Very Small Object
3.png,653,2330,10,13,98,129.85714285714286,Small Object
3.png,649,870,1,1,1,153.0,Very Small Object
3.png,649,1413,1,1,1,134.0,Very Small Object
3.png,650,1312,2,2,4,167.75,Very Small Object
3.png,651,156,1,1,1,141.0,Very Small Object
3.png,656,478,5,6,24,154.83333333333334,Very Small Object
3.png,659,1588,1,1,1,156.0,Very Small Object
3.png,665,2355,12,13,115,140.80869565217392,Small Object
3.png,661,1127,3,3,7,143.0,Very Small Object
3.png,662,1953,1,1,1,164.0,Very Small Object
3.png,665,2861,19,8,94,138.68085106382978,Small Object
3.png,667,498,8,8,50,142.18,Small Object
3.png,668,1307,6,7,30,128.33333333333334,Very Small Object
3.png,671,1298,3,6,14,140.07142857142858,Very Small Object
3.png,673,2606,12,10,89,152.1573033707865,Small Object
3.png,673,3019,2,3,4,147.5,Very Small Object
3.png,681,390,17,16,186,141.96236559139786,Small Object
3.png,674,1287,1,1,1,156.0,Very Small Object
3.png,680,2926,4,11,31,145.19354838709677,Very Small Object
3.png,678,2330,5,5,18,135.55555555555554,Very Small Object
3.png,679,1183,5,3,11,122.0,Very Small Object
3.png,679,3928,4,4,13,141.69230769230768,Very Small Object
3.png,681,2996,4,3,8,149.875,Very Small Object
3.png,685,3711,5,9,35,149.97142857142856,Very Small Object
3.png,682,2315,2,2,3,131.66666666666666,Very Small Object
3.png,683,3686,5,4,15,139.6,Very Small Object
3.png,686,232,7,7,40,148.7,Very Small Object
3.png,685,1000,2,3,5,139.2,Very Small Object
3.png,690,431,3,3,7,142.85714285714286,Very Small Object
3.png,689,1757,1,2,2,141.5,Very Small Object
3.png,693,3102,4,7,23,124.47826086956522,Very Small Object
3.png,692,535,3,4,10,143.7,Very Small Object
3.png,694,720,10,8,54,137.7962962962963,Small Object
3.png,692,1589,3,3,5,135.8,Very Small Object
3.png,691,3789,2,1,2,150.5,Very Small Object
3.png,691,3795,3,2,5,145.8,Very Small Object
3.png,693,2534,3,4,10,135.5,Very Small Object
3.png,693,1986,1,1,1,141.0,Very Small Object
3.png,695,1692,4,3,10,144.6,Very Small Object
3.png,701,2466,14,15,167,149.31736526946108,Small Object
3.png,698,416,7,8,38,151.3421052631579,Very Small Object
3.png,695,2777,2,2,3,121.0,Very Small Object
3.png,696,1651,2,2,4,146.5,Very Small Object
3.png,697,2776,1,2,2,136.5,Very Small Object
3.png,699,2333,4,4,12,153.08333333333334,Very Small Object
3.png,699,3842,1,2,2,152.5,Very Small Object
3.png,706,197,9,13,83,144.02409638554218,Small Object
3.png,702,507,2,3,6,138.16666666666666,Very Small Object
3.png,703,3344,2,2,3,138.0,Very Small Object
3.png,708,2892,2,3,4,124.75,Very Small Object
3.png,710,927,14,6,65,148.46153846153845,Small Object
3.png,713,2295,12,11,81,141.14814814814815,Small Object
3.png,710,2505,2,3,4,133.0,Very Small Object
3.png,711,1444,6,4,20,137.55,Very Small Object
3.png,711,286,2,2,4,140.0,Very Small Object
3.png,718,2880,20,15,197,155.4517766497462,Small Object
3.png,717,2476,2,3,5,135.4,Very Small Object
3.png,717,1936,2,1,2,116.5,Very Small Object
3.png,720,1439,7,6,30,135.1,Very Small Object
3.png,719,2826,2,2,3,136.33333333333334,Very Small Object
3.png,719,3122,1,1,1,165.0,Very Small Object
3.png,728,1673,17,15,184,142.2608695652174,Small Object
3.png,724,1390,3,5,8,131.25,Very Small Object
3.png,725,2513,3,3,8,152.125,Very Small Object
3.png,725,1070,1,1,1,135.0,Very Small Object
3.png,726,1649,6,4,18,115.38888888888889,Very Small Object
3.png,743,2243,42,38,740,145.05405405405406,Medium Object
3.png,726,2457,4,4,13,138.53846153846155,Very Small Object
3.png,731,1726,10,7,44,142.22727272727272,Very Small Object
3.png,733,3088,11,11,60,128.21666666666667,Small Object
3.png,730,2617,1,1,1,131.0,Very Small Object
3.png,731,3325,1,2,2,149.0,Very Small Object
3.png,732,2656,2,1,2,136.0,Very Small Object
3.png,736,2015,5,5,20,140.75,Very Small Object
3.png,736,3097,3,1,3,143.33333333333334,Very Small Object
3.png,739,424,5,6,22,125.27272727272727,Very Small Object
3.png,738,2980,1,2,2,152.0,Very Small Object
3.png,741,982,3,3,7,138.57142857142858,Very Small Object
3.png,746,3831,8,9,56,143.07142857142858,Small Object
3.png,744,25,1,2,2,148.0,Very Small Object
3.png,748,932,7,10,46,145.3913043478261,Very Small Object
3.png,747,2419,6,7,34,151.41176470588235,Very Small Object
3.png,746,2540,4,4,10,140.6,Very Small Object
3.png,747,4032,3,3,7,138.14285714285714,Very Small Object
3.png,751,567,8,8,38,144.68421052631578,Very Small Object
3.png,754,3409,19,13,197,149.15736040609136,Small Object
3.png,750,1012,5,4,16,143.75,Very Small Object
3.png,763,3964,20,28,389,151.32133676092545,Medium Object
3.png,756,3937,7,8,39,147.64102564102564,Very Small Object
3.png,766,3217,25,24,444,156.63063063063063,Medium Object
3.png,758,3620,2,1,2,124.5,Very Small Object
3.png,769,1911,15,22,231,154.72727272727272,Small Object
3.png,763,3708,5,7,27,148.37037037037038,Very Small Object
3.png,761,182,1,1,1,154.0,Very Small Object
3.png,767,432,24,12,160,148.24375,Small Object
3.png,767,3402,6,8,36,135.08333333333334,Very Small Object
3.png,766,3579,2,2,3,146.66666666666666,Very Small Object
3.png,769,21,12,5,43,138.90697674418604,Very Small Object
3.png,767,593,3,2,5,139.0,Very Small Object
3.png,769,2083,2,2,4,130.0,Very Small Object
3.png,769,2861,1,1,1,139.0,Very Small Object
3.png,770,2355,2,2,4,136.25,Very Small Object
3.png,771,2614,3,2,5,144.8,Very Small Object
3.png,775,1598,18,8,102,147.18627450980392,Small Object
3.png,773,933,1,2,2,145.0,Very Small Object
3.png,773,1450,2,1,2,143.5,Very Small Object
3.png,773,2602,2,2,4,151.75,Very Small Object
3.png,774,2962,3,3,6,138.66666666666666,Very Small Object
3.png,774,3462,5,3,13,143.92307692307693,Very Small Object
3.png,774,879,2,2,3,133.0,Very Small Object
3.png,774,1986,4,2,7,150.71428571428572,Very Small Object
3.png,777,2220,10,8,60,150.75,Small Object
3.png,775,2980,2,4,7,133.71428571428572,Very Small Object
3.png,783,3039,9,14,100,156.23,Small Object
3.png,779,1121,1,1,1,135.0,Very Small Object
3.png,797,1489,34,37,907,138.42778390297684,Medium Object
3.png,780,2299,3,2,6,129.0,Very Small Object
3.png,784,1969,5,5,19,145.94736842105263,Very Small Object
3.png,785,456,1,1,1,157.0,Very Small Object
3.png,789,845,5,4,17,162.05882352941177,Very Small Object
3.png,790,3442,4,6,16,131.75,Very Small Object
3.png,797,1547,19,18,208,152.90384615384616,Small Object
3.png,792,2085,7,8,47,124.70212765957447,Very Small Object
3.png,792,920,3,3,7,135.0,Very Small Object
3.png,794,427,4,6,19,133.94736842105263,Very Small Object
3.png,795,2717,7,8,46,151.93478260869566,Very Small Object
3.png,796,4004,6,7,27,147.88888888888889,Very Small Object
3.png,798,2276,13,10,101,145.0990099009901,Small Object
3.png,800,1780,12,7,61,149.9672131147541,Small Object
3.png,807,1375,10,17,128,159.7578125,Small Object
3.png,801,3160,5,5,15,129.46666666666667,Very Small Object
3.png,800,1791,4,2,6,128.83333333333334,Very Small Object
3.png,802,347,5,4,14,137.78571428571428,Very Small Object
3.png,805,1295,11,9,73,159.65753424657535,Small Object
3.png,802,1849,5,4,13,137.6153846153846,Very Small Object
3.png,805,3144,6,8,36,145.0,Very Small Object
3.png,806,2427,4,4,11,128.0,Very Small Object
3.png,807,2494,5,5,18,157.0,Very Small Object
3.png,809,3434,6,8,28,142.57142857142858,Very Small Object
3.png,809,1624,2,2,3,172.33333333333334,Very Small Object
3.png,812,1872,2,2,3,144.0,Very Small Object
3.png,815,1610,3,2,6,141.0,Very Small Object
3.png,819,1044,6,4,15,125.6,Very Small Object
3.png,821,1132,6,6,25,132.12,Very Small Object
3.png,819,3311,2,2,4,137.25,Very Small Object
3.png,821,3114,4,3,9,135.22222222222223,Very Small Object
3.png,823,1951,6,4,19,140.42105263157896,Very Small Object
3.png,822,2908,1,1,1,127.0,Very Small Object
3.png,824,3134,2,3,6,154.16666666666666,Very Small Object
3.png,828,3525,6,10,48,150.02083333333334,Very Small Object
3.png,826,1978,3,3,7,118.57142857142857,Very Small Object
3.png,828,1721,4,6,16,132.125,Very Small Object
3.png,827,3073,4,4,15,149.66666666666666,Very Small Object
3.png,827,3702,2,3,6,142.83333333333334,Very Small Object
3.png,829,1501,5,3,12,140.91666666666666,Very Small Object
3.png,831,1566,8,7,40,147.35,Very Small Object
3.png,832,3403,12,7,49,122.79591836734694,Very Small Object
3.png,832,290,2,1,2,132.5,Very Small Object
3.png,837,347,11,7,62,136.17741935483872,Small Object
3.png,840,1967,22,13,222,150.85135135135135,Small Object
3.png,835,331,2,2,4,148.0,Very Small Object
3.png,837,173,1,1,1,129.0,Very Small Object
3.png,844,2059,14,14,149,139.09395973154363,Small Object
3.png,841,1351,3,3,9,126.0,Very Small Object
3.png,841,734,5,2,9,145.22222222222223,Very Small Object
3.png,842,1335,2,3,6,131.33333333333334,Very Small Object
3.png,850,2383,20,19,295,153.68474576271186,Small Object
3.png,843,3467,6,5,23,133.43478260869566,Very Small Object
3.png,846,72,4,8,26,128.19230769230768,Very Small Object
3.png,853,80,12,20,143,156.1118881118881,Small Object
3.png,850,3757,10,12,87,124.10344827586206,Small Object
3.png,846,728,2,1,2,143.0,Very Small Object
3.png,851,3636,6,10,48,134.1875,Very Small Object
3.png,849,609,6,3,12,121.58333333333333,Very Small Object
3.png,850,3576,7,6,34,152.1764705882353,Very Small Object
3.png,868,2895,30,40,808,149.89480198019803,Medium Object
3.png,855,1098,6,12,54,138.9814814814815,Small Object
3.png,856,796,7,12,62,128.11290322580646,Small Object
3.png,856,3223,11,8,61,149.95081967213116,Small Object
3.png,858,1195,7,9,46,121.15217391304348,Very Small Object
3.png,858,3914,6,4,15,134.2,Very Small Object
3.png,860,855,5,6,23,146.08695652173913,Very Small Object
3.png,861,3520,12,7,60,140.81666666666666,Small Object
3.png,860,834,3,3,6,134.33333333333334,Very Small Object
3.png,864,150,3,5,11,139.0,Very Small Object
3.png,862,709,4,2,6,144.33333333333334,Very Small Object
3.png,869,425,6,8,33,146.9090909090909,Very Small Object
3.png,871,2207,5,7,25,154.92,Very Small Object
3.png,876,4043,11,17,138,138.79710144927537,Small Object
3.png,872,3158,8,5,30,151.66666666666666,Very Small Object
3.png,874,3917,5,5,21,141.38095238095238,Very Small Object
3.png,879,745,10,12,87,136.51724137931035,Small Object
3.png,879,1018,15,10,71,146.16901408450704,Small Object
3.png,876,2317,4,3,10,155.6,Very Small Object
3.png,888,2657,31,23,487,132.17659137577002,Medium Object
3.png,885,849,7,5,17,137.52941176470588,Very Small Object
3.png,887,3512,8,8,47,149.19148936170214,Very Small Object
3.png,886,3988,3,4,10,138.4,Very Small Object
3.png,890,818,13,7,66,150.53030303030303,Small Object
3.png,891,3977,9,9,67,146.044776119403,Small Object
3.png,891,2746,3,3,5,144.0,Very Small Object
3.png,893,1039,3,2,5,152.0,Very Small Object
3.png,897,2665,2,3,4,107.25,Very Small Object
3.png,899,1986,3,5,10,122.7,Very Small Object
3.png,899,2038,2,1,2,143.5,Very Small Object
3.png,904,3638,6,12,46,144.52173913043478,Very Small Object
3.png,906,1415,1,1,1,153.0,Very Small Object
3.png,914,3253,4,4,11,135.9090909090909,Very Small Object
3.png,915,4020,4,5,17,120.29411764705883,Very Small Object
3.png,916,19,2,2,4,130.5,Very Small Object
3.png,918,974,5,4,17,147.35294117647058,Very Small Object
3.png,918,2009,4,3,11,144.54545454545453,Very Small Object
3.png,923,3543,3,4,8,122.875,Very Small Object
3.png,926,1411,9,7,44,138.4090909090909,Very Small Object
3.png,926,1306,4,4,11,130.1818181818182,Very Small Object
3.png,925,1840,4,2,6,119.16666666666667,Very Small Object
3.png,937,2641,8,18,103,146.11650485436894,Small Object
3.png,930,3808,1,2,2,149.5,Very Small Object
3.png,951,203,24,40,663,151.6108597285068,Medium Object
3.png,940,1709,5,4,17,144.05882352941177,Very Small Object
3.png,952,3112,17,23,282,140.0531914893617,Small Object
3.png,946,455,3,3,9,146.77777777777777,Very Small Object
3.png,949,1281,1,1,1,167.0,Very Small Object
3.png,952,2252,12,5,38,144.21052631578948,Very Small Object
3.png,952,1914,1,2,2,146.5,Very Small Object
3.png,954,706,3,3,6,141.16666666666666,Very Small Object
3.png,954,2085,5,3,10,135.0,Very Small Object
3.png,959,1765,5,5,18,132.22222222222223,Very Small Object
3.png,965,3894,25,17,250,152.248,Small Object
3.png,960,650,6,6,29,155.27586206896552,Very Small Object
3.png,961,1308,9,8,43,146.11627906976744,Very Small Object
3.png,963,1943,12,11,85,121.09411764705882,Small Object
3.png,959,2232,1,2,2,149.0,Very Small Object
3.png,961,1891,4,3,8,143.5,Very Small Object
3.png,962,3284,5,2,10,152.8,Very Small Object
3.png,964,710,2,2,4,148.75,Very Small Object
3.png,967,2168,1,3,3,155.0,Very Small Object
3.png,970,3615,17,7,100,153.72,Small Object
3.png,969,1481,2,3,5,140.0,Very Small Object
3.png,974,323,12,10,93,147.50537634408602,Small Object
3.png,973,847,3,5,9,121.66666666666667,Very Small Object
3.png,975,794,10,8,50,127.12,Small Object
3.png,977,242,3,4,7,126.71428571428571,Very Small Object
3.png,977,844,3,4,8,124.25,Very Small Object
3.png,978,2637,5,3,11,125.18181818181819,Very Small Object
3.png,979,1706,3,1,3,136.66666666666666,Very Small Object
3.png,979,2671,2,1,2,119.5,Very Small Object
3.png,979,4027,2,1,2,176.0,Very Small Object
3.png,980,797,4,1,4,120.75,Very Small Object
3.png,987,841,8,16,56,135.83928571428572,Small Object
3.png,982,1706,6,5,24,142.29166666666666,Very Small Object
3.png,989,2640,11,19,142,156.56338028169014,Small Object
3.png,985,2673,8,12,72,149.41666666666666,Small Object
3.png,984,2783,8,9,46,129.56521739130434,Very Small Object
3.png,980,3544,2,1,2,150.5,Very Small Object
3.png,985,2722,8,7,36,146.94444444444446,Very Small Object
3.png,983,419,1,1,1,141.0,Very Small Object
3.png,983,1121,3,2,6,144.0,Very Small Object
3.png,993,3704,15,20,139,147.27338129496403,Small Object
3.png,991,350,8,13,69,141.5072463768116,Small Object
3.png,985,1116,1,2,2,149.5,Very Small Object
3.png,992,546,8,11,70,148.04285714285714,Small Object
3.png,987,1758,3,2,5,138.6,Very Small Object
3.png,989,1158,4,3,10,143.5,Very Small Object
3.png,990,1314,5,5,19,122.84210526315789,Very Small Object
3.png,990,2726,3,3,7,142.14285714285714,Very Small Object
3.png,989,3574,1,2,2,155.0,Very Small Object
3.png,994,900,5,8,33,122.66666666666667,Very Small Object
3.png,992,3959,1,1,1,157.0,Very Small Object
3.png,995,715,2,2,4,150.0,Very Small Object
3.png,996,3389,4,3,9,147.44444444444446,Very Small Object
3.png,999,2484,9,4,26,140.15384615384616,Very Small Object
3.png,999,836,1,2,2,125.0,Very Small Object
3.png,1000,3672,4,3,12,159.75,Very Small Object
3.png,1000,2235,1,1,1,132.0,Very Small Object
3.png,1002,2922,5,5,21,146.04761904761904,Very Small Object
3.png,1002,4046,4,6,15,134.86666666666667,Very Small Object
3.png,1002,3060,6,4,17,143.64705882352942,Very Small Object
3.png,1006,3,7,10,57,140.89473684210526,Small Object
3.png,1004,2160,2,3,4,134.25,Very Small Object
3.png,1009,437,12,11,91,150.12087912087912,Small Object
3.png,1012,2636,8,8,48,148.83333333333334,Very Small Object
3.png,1010,2745,2,2,3,146.0,Very Small Object
3.png,1011,2599,2,2,3,129.0,Very Small Object
3.png,1014,2705,4,5,15,118.93333333333334,Very Small Object
3.png,1016,51,4,6,18,142.44444444444446,Very Small Object
3.png,1015,818,4,3,10,150.9,Very Small Object
3.png,1015,880,2,1,2,167.0,Very Small Object
3.png,1019,951,5,5,19,133.52631578947367,Very Small Object
3.png,1020,3921,4,7,22,144.04545454545453,Very Small Object
3.png,1019,910,4,3,10,130.0,Very Small Object
3.png,1021,1060,5,2,9,146.0,Very Small Object
3.png,1023,3163,5,6,24,135.20833333333334,Very Small Object
3.png,1030,38,11,10,86,152.1046511627907,Small Object
3.png,1028,1478,5,4,12,132.25,Very Small Object
3.png,1035,1065,21,14,210,158.10476190476192,Small Object
3.png,1030,1994,5,4,16,142.125,Very Small Object
3.png,1030,3601,1,2,2,133.5,Very Small Object
3.png,1032,3730,7,4,22,133.5,Very Small Object
3.png,1035,2828,5,5,20,117.8,Very Small Object
3.png,1036,794,2,4,7,136.71428571428572,Very Small Object
3.png,1035,2635,4,2,7,155.0,Very Small Object
3.png,1036,2701,6,4,19,142.57894736842104,Very Small Object
3.png,1039,1789,3,3,9,157.55555555555554,Very Small Object
3.png,1039,1408,2,2,4,153.5,Very Small Object
3.png,1044,64,8,10,61,149.5737704918033,Small Object
3.png,1049,92,15,20,204,157.55882352941177,Small Object
3.png,1043,3708,1,1,1,155.0,Very Small Object
3.png,1046,3496,3,3,5,136.0,Very Small Object
3.png,1049,2167,4,5,15,147.06666666666666,Very Small Object
3.png,1047,3215,1,2,2,130.5,Very Small Object
3.png,1053,2232,7,9,48,142.4375,Very Small Object
3.png,1053,2529,12,9,74,157.64864864864865,Small Object
3.png,1051,1282,2,2,4,159.75,Very Small Object
3.png,1053,2453,2,3,6,145.83333333333334,Very Small Object
3.png,1056,50,4,7,18,127.05555555555556,Very Small Object
3.png,1054,1123,4,3,11,135.54545454545453,Very Small Object
3.png,1058,2687,7,9,47,140.74468085106383,Very Small Object
3.png,1056,72,3,4,8,132.75,Very Small Object
3.png,1056,226,4,3,11,134.8181818181818,Very Small Object
3.png,1057,3482,5,4,16,124.3125,Very Small Object
3.png,1057,1928,2,1,2,138.5,Very Small Object
3.png,1060,3032,1,1,1,149.0,Very Small Object
3.png,1060,3406,4,1,4,130.75,Very Small Object
3.png,1068,2425,16,15,180,145.41666666666666,Small Object
3.png,1064,947,5,6,20,141.1,Very Small Object
3.png,1063,2414,3,2,5,126.4,Very Small Object
3.png,1065,457,1,1,1,144.0,Very Small Object
3.png,1065,2614,1,1,1,151.0,Very Small Object
3.png,1072,32,8,13,71,152.07042253521126,Small Object
3.png,1078,75,28,25,537,144.81936685288642,Medium Object
3.png,1067,2233,3,2,6,141.5,Very Small Object
3.png,1068,1918,1,1,1,182.0,Very Small Object
3.png,1070,1689,2,3,6,150.66666666666666,Very Small Object
3.png,1073,1121,7,8,44,149.0681818181818,Very Small Object
3.png,1073,3803,12,8,63,152.04761904761904,Small Object
3.png,1073,169,6,6,28,149.17857142857142,Very Small Object
3.png,1073,1452,1,2,2,129.0,Very Small Object
3.png,1075,1761,7,6,29,136.93103448275863,Very Small Object
3.png,1076,1767,4,4,12,137.08333333333334,Very Small Object
3.png,1076,3923,4,4,13,131.76923076923077,Very Small Object
3.png,1077,1840,4,4,11,135.27272727272728,Very Small Object
3.png,1086,2656,18,20,288,144.11458333333334,Small Object
3.png,1078,3221,2,3,5,135.4,Very Small Object
3.png,1081,4035,2,2,3,153.33333333333334,Very Small Object
3.png,1087,3807,4,4,13,144.23076923076923,Very Small Object
3.png,1095,2383,18,18,233,144.7167381974249,Small Object
3.png,1089,3781,3,3,7,141.28571428571428,Very Small Object
3.png,1090,2206,4,4,13,137.46153846153845,Very Small Object
3.png,1094,798,11,8,54,150.64814814814815,Small Object
3.png,1096,2197,14,9,83,155.42168674698794,Small Object
3.png,1096,3596,8,9,48,145.625,Very Small Object
3.png,1093,3885,2,1,2,146.5,Very Small Object
3.png,1097,2469,5,5,17,137.2941176470588,Very Small Object
3.png,1099,312,2,3,5,130.8,Very Small Object
3.png,1098,1271,4,2,7,132.71428571428572,Very Small Object
3.png,1101,669,3,3,6,131.83333333333334,Very Small Object
3.png,1101,3265,4,3,10,128.0,Very Small Object
3.png,1103,1558,7,6,35,146.45714285714286,Very Small Object
3.png,1102,1644,6,4,21,142.33333333333334,Very Small Object
3.png,1116,3126,8,30,150,134.26666666666668,Small Object
3.png,1103,2039,2,2,4,151.75,Very Small Object
3.png,1112,1034,5,7,26,134.46153846153845,Very Small Object
3.png,1109,2210,1,1,1,169.0,Very Small Object
3.png,1115,3036,10,9,69,142.47826086956522,Small Object
3.png,1114,2180,3,3,8,151.75,Very Small Object
3.png,1120,3113,2,3,6,151.66666666666666,Very Small Object
3.png,1123,3818,6,7,31,147.2258064516129,Very Small Object
3.png,1123,2112,4,4,14,132.0,Very Small Object
3.png,1126,1195,2,3,4,131.25,Very Small Object
3.png,1133,2841,19,17,231,129.17748917748918,Small Object
3.png,1127,1826,4,3,8,145.0,Very Small Object
3.png,1127,1007,2,2,3,141.66666666666666,Very Small Object
3.png,1129,1743,1,1,1,138.0,Very Small Object
3.png,1130,2038,1,1,1,204.0,Very Small Object
3.png,1135,1257,7,8,45,137.11111111111111,Very Small Object
3.png,1133,2462,3,1,3,128.0,Very Small Object
3.png,1135,1930,4,3,9,127.77777777777777,Very Small Object
3.png,1136,1455,2,3,5,130.0,Very Small Object
3.png,1160,1728,11,42,250,154.892,Small Object
3.png,1142,2717,2,4,6,124.16666666666667,Very Small Object
3.png,1143,3199,3,5,9,135.88888888888889,Very Small Object
3.png,1143,2374,5,3,11,142.54545454545453,Very Small Object
3.png,1145,2493,2,3,6,134.0,Very Small Object
3.png,1151,3377,17,12,164,144.1158536585366,Small Object
3.png,1147,3664,4,4,14,153.85714285714286,Very Small Object
3.png,1149,3699,8,7,46,158.2826086956522,Very Small Object
3.png,1148,3452,1,1,1,137.0,Very Small Object
3.png,1153,2510,7,7,37,151.05405405405406,Very Small Object
3.png,1152,2048,4,4,14,130.21428571428572,Very Small Object
3.png,1153,2563,5,4,13,120.0,Very Small Object
3.png,1153,1989,1,2,2,161.0,Very Small Object
3.png,1156,2854,4,7,24,144.58333333333334,Very Small Object
3.png,1158,377,6,10,40,129.2,Very Small Object
3.png,1155,329,1,1,1,138.0,Very Small Object
3.png,1156,330,1,1,1,141.0,Very Small Object
3.png,1157,2569,4,4,10,131.3,Very Small Object
3.png,1158,3049,2,2,4,128.25,Very Small Object
3.png,1161,2290,4,5,13,130.6153846153846,Very Small Object
3.png,1160,1861,2,2,3,161.66666666666666,Very Small Object
3.png,1165,2286,5,4,16,139.3125,Very Small Object
3.png,1166,3343,5,5,18,139.66666666666666,Very Small Object
3.png,1165,305,1,1,1,167.0,Very Small Object
3.png,1166,362,4,4,12,124.91666666666667,Very Small Object
3.png,1166,2745,2,3,5,145.4,Very Small Object
3.png,1167,151,2,2,4,167.5,Very Small Object
3.png,1174,1855,9,11,71,151.11267605633802,Small Object
3.png,1170,1867,3,3,9,136.0,Very Small Object
3.png,1171,3861,3,3,8,136.5,Very Small Object
3.png,1180,890,7,15,82,148.5609756097561,Small Object
3.png,1174,1037,6,4,21,141.61904761904762,Very Small Object
3.png,1175,1693,2,4,8,131.25,Very Small Object
3.png,1176,3416,4,5,18,149.27777777777777,Very Small Object
3.png,1175,2910,3,2,5,141.8,Very Small Object
3.png,1179,2551,2,4,5,132.0,Very Small Object
3.png,1181,924,2,2,4,142.75,Very Small Object
3.png,1184,3075,12,6,55,142.2,Small Object
3.png,1186,1303,7,7,39,146.10256410256412,Very Small Object
3.png,1185,842,6,4,12,129.83333333333334,Very Small Object
3.png,1188,2217,18,8,103,152.3495145631068,Small Object
3.png,1190,3222,2,2,4,137.25,Very Small Object
3.png,1192,1469,3,3,7,133.14285714285714,Very Small Object
3.png,1192,107,1,1,1,116.0,Very Small Object
3.png,1193,3161,2,4,7,131.85714285714286,Very Small Object
3.png,1193,3735,2,3,5,143.8,Very Small Object
3.png,1194,101,10,4,24,128.45833333333334,Very Small Object
3.png,1194,3106,3,3,7,143.57142857142858,Very Small Object
3.png,1195,3978,3,2,5,147.2,Very Small Object
3.png,1201,941,7,4,18,134.72222222222223,Very Small Object
3.png,1201,1276,1,1,1,127.0,Very Small Object
3.png,1209,3234,15,18,198,142.04545454545453,Small Object
3.png,1203,1899,6,3,14,139.85714285714286,Very Small Object
3.png,1207,1138,6,9,43,145.97674418604652,Very Small Object
3.png,1205,3711,5,5,17,154.58823529411765,Very Small Object
3.png,1208,2258,2,4,7,135.85714285714286,Very Small Object
3.png,1210,413,6,5,19,128.47368421052633,Very Small Object
3.png,1211,1274,4,3,9,142.0,Very Small Object
3.png,1214,3913,8,7,44,153.3409090909091,Very Small Object
3.png,1215,731,8,8,41,133.58536585365854,Very Small Object
3.png,1213,2724,5,4,14,133.64285714285714,Very Small Object
3.png,1212,3274,1,1,1,120.0,Very Small Object
3.png,1215,1347,2,3,6,140.0,Very Small Object
3.png,1221,2599,1,2,2,136.5,Very Small Object
3.png,1222,3044,2,2,4,145.0,Very Small Object
3.png,1224,1225,3,4,8,124.5,Very Small Object
3.png,1228,2280,11,11,82,137.59756097560975,Small Object
3.png,1230,241,16,9,93,150.69892473118279,Small Object
3.png,1229,1033,4,5,17,142.7058823529412,Very Small Object
3.png,1227,1347,2,2,3,137.33333333333334,Very Small Object
3.png,1229,1609,3,3,6,152.33333333333334,Very Small Object
3.png,1235,86,8,9,54,149.0185185185185,Small Object
3.png,1232,770,3,3,5,134.2,Very Small Object
3.png,1232,3610,1,1,1,129.0,Very Small Object
3.png,1237,2962,6,7,33,127.0,Very Small Object
3.png,1235,940,2,2,4,140.25,Very Small Object
3.png,1241,3804,6,5,20,130.7,Very Small Object
3.png,1243,231,5,5,23,152.52173913043478,Very Small Object
3.png,1244,1684,4,4,13,156.30769230769232,Very Small Object
3.png,1246,2400,8,7,39,143.30769230769232,Very Small Object
3.png,1246,756,2,3,6,149.16666666666666,Very Small Object
3.png,1248,3213,4,4,10,148.9,Very Small Object
3.png,1251,1531,3,5,10,144.8,Very Small Object
3.png,1254,3459,5,11,47,154.95744680851064,Very Small Object
3.png,1252,1295,3,3,8,151.625,Very Small Object
3.png,1251,1660,2,2,3,133.0,Very Small Object
3.png,1253,1711,5,3,10,148.7,Very Small Object
3.png,1258,1670,8,10,59,128.47457627118644,Small Object
3.png,1255,3133,3,3,8,131.5,Very Small Object
3.png,1255,3266,2,3,5,145.2,Very Small Object
3.png,1260,593,6,6,28,156.21428571428572,Very Small Object
3.png,1259,3219,3,3,8,145.5,Very Small Object
3.png,1259,3796,2,2,4,151.25,Very Small Object
3.png,1265,1493,6,12,48,132.64583333333334,Very Small Object
3.png,1265,1205,8,6,37,152.8108108108108,Very Small Object
3.png,1273,1691,16,22,255,150.94117647058823,Small Object
3.png,1268,2450,12,12,108,141.41666666666666,Small Object
3.png,1264,2256,2,1,2,129.5,Very Small Object
3.png,1265,2820,3,3,8,145.25,Very Small Object
3.png,1266,1428,2,2,4,133.25,Very Small Object
3.png,1267,1646,3,4,9,131.33333333333334,Very Small Object
3.png,1268,2714,5,5,21,131.9047619047619,Very Small Object
3.png,1271,3450,10,9,58,132.22413793103448,Small Object
3.png,1268,735,1,1,1,150.0,Very Small Object
3.png,1271,2252,11,8,64,148.25,Small Object
3.png,1271,887,3,5,13,131.30769230769232,Very Small Object
3.png,1270,2170,4,4,10,141.5,Very Small Object
3.png,1271,792,3,3,8,130.75,Very Small Object
3.png,1272,1612,4,3,11,151.8181818181818,Very Small Object
3.png,1277,2546,11,9,82,141.8780487804878,Small Object
3.png,1283,2721,19,19,200,155.935,Small Object
3.png,1281,1162,14,10,70,149.11428571428573,Small Object
3.png,1280,704,5,3,14,137.92857142857142,Very Small Object
3.png,1280,2399,7,4,22,130.54545454545453,Very Small Object
3.png,1281,561,1,1,1,134.0,Very Small Object
3.png,1282,2459,4,3,10,163.7,Very Small Object
3.png,1283,2780,8,6,30,137.46666666666667,Very Small Object
3.png,1284,3456,2,3,6,154.0,Very Small Object
3.png,1290,1094,12,9,75,144.98666666666668,Small Object
3.png,1287,856,4,2,7,125.42857142857143,Very Small Object
3.png,1292,395,4,5,16,143.5625,Very Small Object
3.png,1297,3634,7,10,51,140.2549019607843,Small Object
3.png,1298,2248,11,10,71,122.45070422535211,Small Object
3.png,1296,492,5,4,17,159.94117647058823,Very Small Object
3.png,1327,973,53,55,2161,147.35354002776492,Large Object
3.png,1301,2259,1,1,1,150.0,Very Small Object
3.png,1303,2987,6,5,21,145.47619047619048,Very Small Object
3.png,1312,421,9,8,50,153.84,Small Object
3.png,1310,3517,2,3,4,152.75,Very Small Object
3.png,1312,1615,4,4,12,133.08333333333334,Very Small Object
3.png,1314,2611,5,4,13,120.38461538461539,Very Small Object
3.png,1320,130,7,11,56,139.16071428571428,Small Object
3.png,1316,3395,2,3,4,148.25,Very Small Object
3.png,1318,1881,5,5,18,158.5,Very Small Object
3.png,1319,2526,8,7,41,144.2439024390244,Very Small Object
3.png,1318,2080,3,4,11,152.36363636363637,Very Small Object
3.png,1321,3093,9,9,51,128.88235294117646,Small Object
3.png,1322,3077,8,8,46,145.7608695652174,Very Small Object
3.png,1328,1554,4,5,19,143.68421052631578,Very Small Object
3.png,1329,1742,3,3,5,163.0,Very Small Object
3.png,1330,3748,5,4,15,130.8,Very Small Object
3.png,1334,1832,7,7,41,136.8780487804878,Very Small Object
3.png,1337,2891,3,4,11,148.8181818181818,Very Small Object
3.png,1339,2003,3,4,9,128.22222222222223,Very Small Object
3.png,1345,258,6,9,35,130.45714285714286,Very Small Object
3.png,1343,1745,5,5,20,141.15,Very Small Object
3.png,1344,2412,3,2,5,151.0,Very Small Object
3.png,1349,2035,11,10,73,147.17808219178082,Small Object
3.png,1346,2916,3,4,10,140.7,Very Small Object
3.png,1350,1908,13,8,53,143.96226415094338,Small Object
3.png,1348,2053,4,3,10,137.7,Very Small Object
3.png,1351,3985,14,10,72,152.65277777777777,Small Object
3.png,1350,2639,2,3,5,139.2,Very Small Object
3.png,1352,1201,8,5,35,141.65714285714284,Very Small Object
3.png,1352,2948,5,5,18,139.16666666666666,Very Small Object
3.png,1352,1446,9,4,28,131.96428571428572,Very Small Object
3.png,1354,1710,21,7,79,127.46835443037975,Small Object
3.png,1354,161,3,3,7,136.42857142857142,Very Small Object
3.png,1356,1522,4,3,7,140.85714285714286,Very Small Object
3.png,1358,3296,4,8,19,141.94736842105263,Very Small Object
3.png,1361,3633,12,14,78,143.65384615384616,Small Object
3.png,1360,3681,4,5,13,132.0,Very Small Object
3.png,1361,1768,6,5,25,136.24,Very Small Object
3.png,1361,342,3,3,8,144.625,Very Small Object
3.png,1362,2528,3,2,6,123.0,Very Small Object
3.png,1373,2790,18,18,157,143.18471337579618,Small Object
3.png,1371,2610,13,11,104,135.29807692307693,Small Object
3.png,1367,2474,2,1,2,138.0,Very Small Object
3.png,1368,3787,2,3,5,131.0,Very Small Object
3.png,1368,335,1,1,1,131.0,Very Small Object
3.png,1373,2631,24,11,199,157.46733668341707,Small Object
3.png,1371,3056,8,8,52,146.90384615384616,Small Object
3.png,1370,3600,5,5,17,131.05882352941177,Very Small Object
3.png,1371,2574,3,2,4,121.5,Very Small Object
3.png,1373,3246,3,6,13,133.76923076923077,Very Small Object
3.png,1372,403,1,2,2,158.0,Very Small Object
3.png,1373,3912,3,3,9,141.33333333333334,Very Small Object
3.png,1374,2650,3,3,6,131.0,Very Small Object
3.png,1375,1518,5,3,13,127.07692307692308,Very Small Object
3.png,1380,1850,8,8,49,128.12244897959184,Very Small Object
3.png,1378,3658,5,4,16,135.0,Very Small Object
3.png,1379,3812,2,3,4,133.75,Very Small Object
3.png,1379,748,2,2,4,143.0,Very Small Object
3.png,1380,618,2,2,4,145.75,Very Small Object
3.png,1386,4001,17,14,147,150.51020408163265,Small Object
3.png,1387,2590,12,11,101,139.64356435643563,Small Object
3.png,1387,1041,8,7,40,146.075,Very Small Object
3.png,1386,2783,2,2,3,141.33333333333334,Very Small Object
3.png,1387,2831,2,2,3,175.0,Very Small Object
3.png,1396,3035,8,17,81,152.12345679012347,Small Object
3.png,1391,351,1,1,1,148.0,Very Small Object
3.png,1394,3767,4,6,19,132.3684210526316,Very Small Object
3.png,1395,1717,3,3,7,149.14285714285714,Very Small Object
3.png,1403,1595,6,10,44,134.0,Very Small Object
3.png,1410,1996,19,24,256,152.046875,Small Object
3.png,1400,2556,5,4,16,118.625,Very Small Object
3.png,1400,2043,2,2,4,146.0,Very Small Object
3.png,1405,2793,3,3,7,149.85714285714286,Very Small Object
3.png,1416,807,23,19,302,152.4437086092715,Medium Object
3.png,1416,98,10,8,59,137.54237288135593,Small Object
3.png,1416,678,9,5,39,126.41025641025641,Very Small Object
3.png,1420,566,8,11,58,129.58620689655172,Small Object
3.png,1420,2891,9,10,68,145.98529411764707,Small Object
3.png,1417,3956,4,3,10,151.0,Very Small Object
3.png,1419,252,5,5,20,142.0,Very Small Object
3.png,1419,2972,3,3,7,153.14285714285714,Very Small Object
3.png,1424,3553,14,14,157,147.2611464968153,Small Object
3.png,1420,3812,4,3,12,137.0,Very Small Object
3.png,1420,1710,3,2,5,142.4,Very Small Object
3.png,1420,1921,1,1,1,130.0,Very Small Object
3.png,1422,200,5,4,15,137.26666666666668,Very Small Object
3.png,1423,1565,3,5,13,139.6153846153846,Very Small Object
3.png,1427,221,10,9,49,131.22448979591837,Very Small Object
3.png,1425,3590,3,2,4,125.0,Very Small Object
3.png,1428,2448,6,6,28,143.67857142857142,Very Small Object
3.png,1432,2103,3,5,10,146.7,Very Small Object
3.png,1431,3074,2,3,4,135.0,Very Small Object
3.png,1432,1390,3,3,6,145.66666666666666,Very Small Object
3.png,1431,1414,4,2,8,130.375,Very Small Object
3.png,1434,1172,5,6,23,148.91304347826087,Very Small Object
3.png,1432,1397,2,1,2,128.5,Very Small Object
3.png,1434,3960,7,5,27,150.62962962962962,Very Small Object
3.png,1438,839,6,11,45,123.15555555555555,Very Small Object
3.png,1440,1628,4,5,15,147.26666666666668,Very Small Object
3.png,1441,3657,8,7,47,145.36170212765958,Very Small Object
3.png,1445,2598,14,14,155,149.18064516129033,Small Object
3.png,1443,2693,8,8,51,139.23529411764707,Small Object
3.png,1441,2889,2,2,4,161.25,Very Small Object
3.png,1443,1676,2,2,4,124.75,Very Small Object
3.png,1446,2826,5,5,20,142.9,Very Small Object
3.png,1446,3138,6,5,25,126.0,Very Small Object
3.png,1444,3644,2,2,4,181.0,Very Small Object
3.png,1445,1493,2,2,3,149.66666666666666,Very Small Object
3.png,1445,1944,1,1,1,143.0,Very Small Object
3.png,1445,2327,3,2,6,160.66666666666666,Very Small Object
3.png,1448,3371,5,5,21,146.42857142857142,Very Small Object
3.png,1458,3657,16,23,276,149.04347826086956,Small Object
3.png,1450,1553,4,5,13,122.61538461538461,Very Small Object
3.png,1456,3143,14,18,172,144.73837209302326,Small Object
3.png,1449,1428,3,2,5,136.4,Very Small Object
3.png,1451,1198,3,3,5,137.8,Very Small Object
3.png,1457,3626,7,7,35,131.57142857142858,Very Small Object
3.png,1457,2756,6,5,23,143.7826086956522,Very Small Object
3.png,1457,1148,1,1,1,151.0,Very Small Object
3.png,1457,2860,2,1,2,161.5,Very Small Object
3.png,1459,1581,2,2,4,139.25,Very Small Object
3.png,1459,3183,3,2,5,151.8,Very Small Object
3.png,1464,352,8,8,51,145.66666666666666,Small Object
3.png,1462,1521,1,3,3,148.0,Very Small Object
3.png,1465,329,15,8,99,151.3838383838384,Small Object
3.png,1465,719,9,8,51,142.49019607843138,Small Object
3.png,1466,3060,8,7,37,149.8918918918919,Very Small Object
3.png,1465,148,3,3,7,140.28571428571428,Very Small Object
3.png,1464,893,2,2,4,149.25,Very Small Object
3.png,1465,2221,6,4,14,130.85714285714286,Very Small Object
3.png,1467,1314,8,5,34,129.26470588235293,Very Small Object
3.png,1467,1627,11,5,43,129.69767441860466,Very Small Object
3.png,1467,1764,8,4,26,133.57692307692307,Very Small Object
3.png,1467,3184,3,2,4,141.0,Very Small Object
3.png,1468,4047,2,2,3,116.66666666666667,Very Small Object
3.png,1469,1559,2,1,2,131.5,Very Small Object
3.png,1472,329,16,5,65,133.24615384615385,Small Object
3.png,1470,716,3,1,3,118.0,Very Small Object
3.png,1470,1314,6,2,11,116.27272727272727,Very Small Object
3.png,1473,1562,9,8,57,157.6315789473684,Small Object
3.png,1475,1629,13,11,104,146.33653846153845,Small Object
3.png,1472,1763,9,6,41,135.609756097561,Very Small Object
3.png,1474,3060,9,10,67,155.32835820895522,Small Object
3.png,1472,3507,4,5,14,134.28571428571428,Very Small Object
3.png,1470,3658,3,1,3,108.0,Very Small Object
3.png,1472,4046,4,6,23,142.2608695652174,Very Small Object
3.png,1476,1412,8,9,58,128.77586206896552,Small Object
3.png,1474,1513,5,4,17,128.35294117647058,Very Small Object
3.png,1478,2132,9,9,60,154.03333333333333,Small Object
3.png,1481,2363,6,11,42,135.0,Very Small Object
3.png,1477,3222,6,3,15,149.86666666666667,Very Small Object
3.png,1481,1542,4,3,9,149.77777777777777,Very Small Object
3.png,1480,1978,2,2,3,151.0,Very Small Object
3.png,1483,3564,4,6,16,143.25,Very Small Object
3.png,1483,3555,4,3,10,138.3,Very Small Object
3.png,1485,2074,6,4,18,120.0,Very Small Object
3.png,1490,3656,26,14,251,154.00796812749005,Small Object
3.png,1486,1497,1,1,1,142.0,Very Small Object
3.png,1490,1715,8,4,27,125.66666666666667,Very Small Object
3.png,1489,3173,3,2,5,144.2,Very Small Object
3.png,1493,3848,4,4,10,141.0,Very Small Object
3.png,1494,1745,4,3,9,137.11111111111111,Very Small Object
3.png,1495,1207,4,3,9,135.0,Very Small Object
3.png,1496,1666,10,6,39,130.28205128205127,Very Small Object
3.png,1500,3721,9,14,75,143.90666666666667,Small Object
3.png,1497,1478,4,3,9,132.66666666666666,Very Small Object
3.png,1498,445,2,2,3,146.66666666666666,Very Small Object
3.png,1499,1481,2,1,2,132.5,Very Small Object
3.png,1508,2854,18,20,276,149.8840579710145,Small Object
3.png,1502,3677,5,7,26,119.57692307692308,Very Small Object
3.png,1503,2495,2,1,2,146.0,Very Small Object
3.png,1507,2645,3,3,8,124.625,Very Small Object
3.png,1511,749,7,10,40,138.8,Very Small Object
3.png,1508,1195,1,1,1,154.0,Very Small Object
3.png,1513,3240,15,11,129,142.62790697674419,Small Object
3.png,1511,2175,4,5,15,146.46666666666667,Very Small Object
3.png,1509,3310,1,2,2,153.0,Very Small Object
3.png,1512,1651,11,5,42,145.83333333333334,Very Small Object
3.png,1514,3197,3,4,9,151.44444444444446,Very Small Object
3.png,1517,2410,7,6,34,144.76470588235293,Very Small Object
3.png,1520,3252,10,8,61,156.78688524590163,Small Object
3.png,1532,2075,28,23,462,149.54978354978354,Medium Object
3.png,1525,2188,12,9,83,144.9879518072289,Small Object
3.png,1522,2956,1,3,3,122.33333333333333,Very Small Object
3.png,1522,2547,2,2,4,152.25,Very Small Object
3.png,1526,2176,4,6,19,139.10526315789474,Very Small Object
3.png,1528,2244,5,4,14,122.85714285714286,Very Small Object
3.png,1530,1983,1,1,1,162.0,Very Small Object
3.png,1540,419,11,11,50,139.88,Small Object
3.png,1535,1747,1,1,1,145.0,Very Small Object
3.png,1537,2172,3,5,10,129.9,Very Small Object
3.png,1538,3145,27,8,127,146.07874015748033,Small Object
3.png,1541,1872,11,12,91,143.8021978021978,Small Object
3.png,1541,3679,4,5,16,132.0,Very Small Object
3.png,1540,3981,5,4,17,162.05882352941177,Very Small Object
3.png,1543,1301,20,7,52,133.71153846153845,Small Object
3.png,1543,1573,4,5,19,127.52631578947368,Very Small Object
3.png,1541,2194,1,1,1,132.0,Very Small Object
3.png,1543,2145,1,1,1,153.0,Very Small Object
3.png,1551,3213,16,17,177,152.38418079096044,Small Object
3.png,1548,3902,4,6,17,142.23529411764707,Very Small Object
3.png,1550,2593,2,2,4,153.0,Very Small Object
3.png,1555,935,3,4,11,134.0,Very Small Object
3.png,1565,1415,21,23,360,151.24722222222223,Medium Object
3.png,1561,2416,17,16,211,150.45023696682463,Small Object
3.png,1555,3569,3,3,8,150.0,Very Small Object
3.png,1556,3746,2,1,2,167.5,Very Small Object
3.png,1562,2955,7,11,56,127.46428571428571,Small Object
3.png,1563,1285,6,4,18,136.38888888888889,Very Small Object
3.png,1565,3715,1,1,1,150.0,Very Small Object
3.png,1566,3308,1,1,1,140.0,Very Small Object
3.png,1571,2916,3,5,11,145.27272727272728,Very Small Object
3.png,1580,2745,14,17,188,152.61702127659575,Small Object
3.png,1579,1058,5,7,24,141.75,Very Small Object
3.png,1576,2176,2,1,2,121.0,Very Small Object
3.png,1577,3209,2,2,4,117.75,Very Small Object
3.png,1581,58,6,5,24,135.125,Very Small Object
3.png,1584,804,9,8,53,137.43396226415095,Small Object
3.png,1585,3419,9,10,76,153.3684210526316,Small Object
3.png,1583,3482,3,3,7,139.85714285714286,Very Small Object
3.png,1591,1727,10,16,86,145.25581395348837,Small Object
3.png,1586,1643,2,3,4,121.25,Very Small Object
3.png,1592,2685,7,6,32,152.25,Very Small Object
3.png,1593,465,5,5,20,125.7,Very Small Object
3.png,1591,1767,2,2,3,136.33333333333334,Very Small Object
3.png,1593,1709,3,3,8,154.25,Very Small Object
3.png,1593,3359,1,1,1,214.0,Very Small Object
3.png,1595,3526,5,4,16,145.9375,Very Small Object
3.png,1605,2829,19,20,286,146.13636363636363,Small Object
3.png,1603,1158,5,14,46,134.47826086956522,Very Small Object
3.png,1601,2570,4,3,11,131.0,Very Small Object
3.png,1601,3,2,1,2,142.0,Very Small Object
3.png,1603,3402,7,6,35,155.2,Very Small Object
3.png,1616,749,15,29,282,150.46808510638297,Small Object
3.png,1607,577,3,7,16,126.1875,Very Small Object
3.png,1609,907,3,4,8,140.0,Very Small Object
3.png,1613,3804,15,12,144,132.82638888888889,Small Object
3.png,1612,121,6,6,23,132.3913043478261,Very Small Object
3.png,1611,3991,1,2,2,130.5,Very Small Object
3.png,1612,3052,3,2,4,146.0,Very Small Object
3.png,1622,2118,11,9,35,124.25714285714285,Very Small Object
3.png,1622,1988,8,8,46,129.06521739130434,Very Small Object
3.png,1619,2936,1,2,2,157.0,Very Small Object
3.png,1619,3556,1,1,1,160.0,Very Small Object
3.png,1622,1619,5,5,20,132.15,Very Small Object
3.png,1629,3756,12,19,147,147.74149659863946,Small Object
3.png,1622,148,1,1,1,149.0,Very Small Object
3.png,1623,1149,3,3,7,163.71428571428572,Very Small Object
3.png,1629,224,8,5,22,134.4090909090909,Very Small Object
3.png,1637,1139,7,10,48,157.25,Very Small Object
3.png,1636,2220,6,5,26,148.92307692307693,Very Small Object
3.png,1636,500,2,2,3,141.66666666666666,Very Small Object
3.png,1639,2051,5,6,27,136.7037037037037,Very Small Object
3.png,1640,2446,9,6,42,154.5952380952381,Very Small Object
3.png,1641,3518,10,6,51,150.98039215686273,Small Object
3.png,1650,2146,22,19,333,147.012012012012,Medium Object
3.png,1642,2624,2,4,7,148.71428571428572,Very Small Object
3.png,1641,3214,2,2,4,154.5,Very Small Object
3.png,1647,2735,10,11,61,144.7704918032787,Small Object
3.png,1646,3065,7,7,36,125.25,Very Small Object
3.png,1647,3837,11,9,78,151.74358974358975,Small Object
3.png,1659,2059,25,29,541,142.71349353049908,Medium Object
3.png,1649,324,3,4,11,161.1818181818182,Very Small Object
3.png,1654,2362,14,14,155,155.2709677419355,Small Object
3.png,1651,1674,4,3,8,129.375,Very Small Object
3.png,1651,1912,4,4,12,131.41666666666666,Very Small Object
3.png,1651,3184,1,1,1,148.0,Very Small Object
3.png,1653,3686,3,3,7,135.42857142857142,Very Small Object
3.png,1661,2200,16,15,185,151.0810810810811,Small Object
3.png,1657,432,7,6,31,143.5483870967742,Very Small Object
3.png,1656,2612,2,3,5,141.0,Very Small Object
3.png,1656,3067,2,3,5,140.2,Very Small Object
3.png,1658,2808,4,4,13,151.23076923076923,Very Small Object
3.png,1661,725,8,7,39,133.25641025641025,Very Small Object
3.png,1664,1819,2,3,5,126.2,Very Small Object
3.png,1665,3170,1,3,3,152.66666666666666,Very Small Object
3.png,1672,1612,16,14,174,139.66666666666666,Small Object
3.png,1666,1656,2,1,2,153.0,Very Small Object
3.png,1669,308,3,3,7,140.85714285714286,Very Small Object
3.png,1668,1741,1,2,2,148.0,Very Small Object
3.png,1670,128,3,4,9,142.88888888888889,Very Small Object
3.png,1673,504,8,7,46,146.84782608695653,Very Small Object
3.png,1672,1439,2,2,4,146.5,Very Small Object
3.png,1674,1826,4,6,21,150.28571428571428,Very Small Object
3.png,1677,380,10,10,80,158.0875,Small Object
3.png,1675,1705,2,2,4,137.5,Very Small Object
3.png,1676,2613,3,4,8,150.0,Very Small Object
3.png,1680,184,12,10,86,144.27906976744185,Small Object
3.png,1682,1134,10,8,65,142.52307692307693,Small Object
3.png,1680,2080,5,4,17,151.88235294117646,Very Small Object
3.png,1683,1728,2,2,3,158.33333333333334,Very Small Object
3.png,1690,3736,16,14,176,141.98863636363637,Small Object
3.png,1689,597,6,6,26,154.96153846153845,Very Small Object
3.png,1687,1924,1,2,2,141.5,Very Small Object
3.png,1689,411,4,4,13,116.15384615384616,Very Small Object
3.png,1691,1628,14,6,61,145.27868852459017,Small Object
3.png,1690,3644,4,4,15,154.46666666666667,Very Small Object
3.png,1703,1780,13,25,211,138.1611374407583,Small Object
3.png,1695,2865,5,4,14,134.71428571428572,Very Small Object
3.png,1700,1609,9,10,73,145.82191780821918,Small Object
3.png,1702,2836,17,13,180,140.86666666666667,Small Object
3.png,1700,2365,2,1,2,156.5,Very Small Object
3.png,1702,238,2,2,4,167.25,Very Small Object
3.png,1715,322,39,26,777,154.56628056628057,Medium Object
3.png,1706,2390,5,5,22,142.86363636363637,Very Small Object
3.png,1707,1385,2,2,4,131.5,Very Small Object
3.png,1708,47,2,2,3,129.33333333333334,Very Small Object
3.png,1717,3953,23,18,297,146.6161616161616,Small Object
3.png,1713,1024,10,8,33,131.63636363636363,Very Small Object
3.png,1712,1990,5,4,18,155.61111111111111,Very Small Object
3.png,1717,2130,1,2,2,151.5,Very Small Object
3.png,1721,2378,5,9,28,134.96428571428572,Very Small Object
3.png,1718,2393,3,4,10,143.6,Very Small Object
3.png,1723,1673,10,9,76,155.05263157894737,Small Object
3.png,1721,2796,2,3,4,125.0,Very Small Object
3.png,1725,3695,8,8,51,138.7450980392157,Small Object
3.png,1732,2651,6,19,82,145.96341463414635,Small Object
3.png,1727,2206,2,2,3,132.0,Very Small Object
3.png,1734,2488,12,13,55,146.07272727272726,Small Object
3.png,1736,2744,23,16,179,143.5195530726257,Small Object
3.png,1732,394,1,1,1,163.0,Very Small Object
3.png,1734,3855,1,1,1,137.0,Very Small Object
3.png,1736,473,4,4,11,142.63636363636363,Very Small Object
3.png,1738,949,4,4,14,123.28571428571429,Very Small Object
3.png,1738,2013,5,4,18,126.83333333333333,Very Small Object
3.png,1738,2919,2,3,5,137.2,Very Small Object
3.png,1746,2432,13,13,133,144.30827067669173,Small Object
3.png,1743,433,6,6,24,153.83333333333334,Very Small Object
3.png,1743,628,3,2,4,138.0,Very Small Object
3.png,1743,3697,3,2,6,162.83333333333334,Very Small Object
3.png,1749,2551,9,9,65,135.01538461538462,Small Object
3.png,1750,1996,6,3,12,135.33333333333334,Very Small Object
3.png,1752,3808,1,1,1,142.0,Very Small Object
3.png,1753,655,4,2,6,125.16666666666667,Very Small Object
3.png,1757,736,7,6,31,149.25806451612902,Very Small Object
3.png,1758,193,4,6,19,146.68421052631578,Very Small Object
3.png,1758,1855,7,5,26,125.53846153846153,Very Small Object
3.png,1758,2480,7,5,29,149.68965517241378,Very Small Object
3.png,1765,3825,8,18,103,151.6990291262136,Small Object
3.png,1759,2128,4,4,10,127.8,Very Small Object
3.png,1761,355,1,1,1,171.0,Very Small Object
3.png,1770,3657,5,8,27,152.4814814814815,Very Small Object
3.png,1769,1427,5,4,17,144.8235294117647,Very Small Object
3.png,1779,2210,28,22,253,145.58498023715416,Small Object
3.png,1770,2832,2,3,6,147.5,Very Small Object
3.png,1774,3066,7,12,66,146.77272727272728,Small Object
3.png,1776,855,13,12,117,149.95726495726495,Small Object
3.png,1773,1033,11,6,49,145.6326530612245,Very Small Object
3.png,1773,2728,3,3,6,127.33333333333333,Very Small Object
3.png,1783,3141,18,17,234,155.45299145299145,Small Object
3.png,1789,554,12,17,156,159.6153846153846,Small Object
3.png,1783,66,2,1,2,117.5,Very Small Object
3.png,1783,178,1,1,1,128.0,Very Small Object
3.png,1783,541,2,2,4,128.25,Very Small Object
3.png,1785,1880,5,6,21,141.57142857142858,Very Small Object
3.png,1788,1766,3,6,15,125.33333333333333,Very Small Object
3.png,1792,780,2,10,16,135.6875,Very Small Object
3.png,1791,2668,7,7,35,151.65714285714284,Very Small Object
3.png,1795,3559,17,13,174,148.1264367816092,Small Object
3.png,1794,2509,3,3,7,142.0,Very Small Object
3.png,1798,2027,6,9,37,142.86486486486487,Very Small Object
3.png,1807,2127,21,27,345,133.79710144927537,Medium Object
3.png,1797,633,3,4,9,130.0,Very Small Object
3.png,1801,34,4,3,10,144.8,Very Small Object
3.png,1802,3088,6,5,22,128.72727272727272,Very Small Object
3.png,1803,2319,2,2,4,138.0,Very Small Object
3.png,1805,2686,6,5,24,147.79166666666666,Very Small Object
3.png,1804,2709,5,4,14,132.57142857142858,Very Small Object
3.png,1811,2752,13,14,137,132.43795620437956,Small Object
3.png,1811,3023,9,9,47,150.70212765957447,Very Small Object
3.png,1808,2258,3,1,3,149.66666666666666,Very Small Object
3.png,1812,382,6,5,22,158.04545454545453,Very Small Object
3.png,1811,1909,2,2,3,145.33333333333334,Very Small Object
3.png,1814,2784,3,3,7,137.57142857142858,Very Small Object
3.png,1816,803,2,1,2,162.0,Very Small Object
3.png,1818,1762,7,2,13,143.53846153846155,Very Small Object
3.png,1827,81,21,18,256,138.48828125,Small Object
3.png,1819,1418,1,2,2,150.5,Very Small Object
3.png,1823,1914,13,10,67,131.02985074626866,Small Object
3.png,1828,2118,21,17,275,149.12727272727273,Small Object
3.png,1824,2276,9,9,66,140.62121212121212,Small Object
3.png,1825,1290,11,9,76,130.55263157894737,Small Object
3.png,1824,1455,2,2,4,115.5,Very Small Object
3.png,1828,2857,7,6,27,145.77777777777777,Very Small Object
3.png,1830,2169,1,1,1,138.0,Very Small Object
3.png,1833,115,1,1,1,151.0,Very Small Object
3.png,1839,355,6,9,37,139.64864864864865,Very Small Object
3.png,1837,84,7,3,15,108.66666666666667,Very Small Object
3.png,1839,609,8,6,32,128.1875,Very Small Object
3.png,1840,2181,12,7,60,151.3,Small Object
3.png,1844,1042,4,7,24,125.75,Very Small Object
3.png,1842,1628,2,3,6,137.66666666666666,Very Small Object
3.png,1845,4038,4,4,14,126.5,Very Small Object
3.png,1845,328,1,1,1,146.0,Very Small Object
3.png,1851,2688,16,13,166,146.09638554216866,Small Object
3.png,1852,616,3,3,5,135.2,Very Small Object
3.png,1852,2191,3,3,8,143.625,Very Small Object
3.png,1853,3737,8,5,24,132.79166666666666,Very Small Object
3.png,1858,2090,10,10,77,142.06493506493507,Small Object
3.png,1858,3066,2,2,4,151.0,Very Small Object
3.png,1862,893,3,4,8,150.5,Very Small Object
3.png,1867,725,10,10,81,153.46913580246914,Small Object
3.png,1867,596,8,6,35,140.54285714285714,Very Small Object
3.png,1869,2748,6,3,15,129.13333333333333,Very Small Object
3.png,1869,3277,4,3,9,123.0,Very Small Object
3.png,1874,484,10,10,88,150.9318181818182,Small Object
3.png,1876,1129,12,9,83,147.6265060240964,Small Object
3.png,1873,1791,4,4,10,130.3,Very Small Object
3.png,1874,2844,5,5,22,148.3181818181818,Very Small Object
3.png,1887,2563,28,27,582,148.53780068728523,Medium Object
3.png,1876,3009,2,3,5,141.4,Very Small Object
3.png,1880,3555,6,9,39,133.10256410256412,Very Small Object
3.png,1879,2249,3,5,14,152.14285714285714,Very Small Object
3.png,1878,3917,2,3,5,144.0,Very Small Object
3.png,1887,237,14,14,159,160.23270440251574,Small Object
3.png,1883,1617,5,5,18,138.55555555555554,Very Small Object
3.png,1884,1648,10,8,47,129.46808510638297,Very Small Object
3.png,1881,3348,1,1,1,137.0,Very Small Object
3.png,1889,2219,10,12,89,132.1011235955056,Small Object
3.png,1885,3504,4,4,11,120.0,Very Small Object
3.png,1893,2831,15,13,137,153.5839416058394,Small Object
3.png,1893,730,9,9,58,150.68965517241378,Small Object
3.png,1889,1603,3,2,6,161.66666666666666,Very Small Object
3.png,1890,2018,3,3,6,144.83333333333334,Very Small Object
3.png,1895,339,7,10,33,134.84848484848484,Very Small Object
3.png,1894,4040,11,8,62,148.66129032258064,Small Object
3.png,1894,1939,2,2,3,146.0,Very Small Object
3.png,1900,2359,13,14,132,155.8560606060606,Small Object
3.png,1895,2290,8,2,14,137.78571428571428,Very Small Object
3.png,1896,2753,2,1,2,183.5,Very Small Object
3.png,1898,1016,3,2,4,151.25,Very Small Object
3.png,1899,1302,5,4,13,144.46153846153845,Very Small Object
3.png,1904,668,2,2,3,139.33333333333334,Very Small Object
3.png,1911,3960,16,15,187,151.71657754010695,Small Object
3.png,1905,2652,1,1,1,122.0,Very Small Object
3.png,1911,3466,6,7,31,145.06451612903226,Very Small Object
3.png,1911,20,5,4,17,127.05882352941177,Very Small Object
3.png,1918,438,22,17,240,138.15416666666667,Small Object
3.png,1911,1011,2,4,6,127.83333333333333,Very Small Object
3.png,1911,2448,2,2,3,136.66666666666666,Very Small Object
3.png,1913,3442,5,6,22,148.13636363636363,Very Small Object
3.png,1913,2932,2,2,3,136.66666666666666,Very Small Object
3.png,1918,2424,5,7,26,119.11538461538461,Very Small Object
3.png,1926,1056,21,15,176,151.4034090909091,Small Object
3.png,1926,386,15,14,123,152.53658536585365,Small Object
3.png,1930,2458,16,20,231,127.06926406926407,Small Object
3.png,1924,1141,2,3,5,159.6,Very Small Object
3.png,1923,2496,2,2,4,146.75,Very Small Object
3.png,1937,2695,43,27,848,159.8195754716981,Medium Object
3.png,1931,2361,27,10,159,153.68553459119497,Small Object
3.png,1930,1713,3,3,8,143.375,Very Small Object
3.png,1934,3325,3,3,8,126.0,Very Small Object
3.png,1935,1134,2,2,4,126.5,Very Small Object
3.png,1937,777,6,4,18,131.94444444444446,Very Small Object
3.png,1939,1982,5,6,22,141.72727272727272,Very Small Object
3.png,1940,3298,10,4,34,136.47058823529412,Very Small Object
3.png,1941,699,4,4,12,130.0,Very Small Object
3.png,1942,3320,14,5,42,136.6904761904762,Very Small Object
3.png,1944,2498,3,3,7,150.0,Very Small Object
3.png,1955,1506,9,6,41,138.8780487804878,Very Small Object
3.png,1956,2440,10,8,64,157.3125,Small Object
3.png,1953,2793,1,2,2,141.5,Very Small Object
3.png,1957,975,4,6,22,132.77272727272728,Very Small Object
3.png,1957,2802,6,6,19,122.52631578947368,Very Small Object
3.png,1958,1445,8,5,31,145.38709677419354,Very Small Object
3.png,1958,4037,4,5,15,129.86666666666667,Very Small Object
3.png,1957,1037,1,1,1,138.0,Very Small Object
3.png,1959,1098,6,3,15,135.86666666666667,Very Small Object
3.png,1959,1865,3,2,6,151.16666666666666,Very Small Object
3.png,1960,243,5,1,5,122.0,Very Small Object
3.png,1960,2180,2,1,2,121.0,Very Small Object
3.png,1960,3839,1,1,1,153.0,Very Small Object
